week,team,opponent,R,HR,RBI,SB,AVG,OPS,W,SV,K,ERA,WHIP,QS,cat_w,cat_l,cat_t
1,Team Bruno,Woo Back Wednesday,17,8,22,2,0.328,0.981,3,1,48,3.16,1.11,2,9,2,1
1,Woo Back Wednesday,Team Bruno,17,3,14,1,0.273,0.73,2,0,58,6,1.49,3,2,9,1
1,South Side Samurai,Kyle Schwarbomb,25,10,28,5,0.23,0.796,1,3,40,6.89,1.63,1,6,5,1
1,Kyle Schwarbomb,South Side Samurai,15,3,9,5,0.234,0.668,2,4,29,5.06,1.06,0,5,6,1
1,Big Dumpers,I think Yammamoto likes you,20,4,20,4,0.219,0.686,0,1,30,2.74,1.39,1,5,5,2
1,I think Yammamoto likes you,Big Dumpers,16,6,20,0,0.201,0.66,3,1,27,1.42,0.74,2,5,5,2
1,Pete Malonso - White Iverson,Elly De La Snooze,22,6,21,7,0.296,0.921,0,2,37,3.51,0.82,1,10,2,0
1,Elly De La Snooze,Pete Malonso - White Iverson,11,3,13,2,0.196,0.582,2,1,32,4.15,0.96,2,2,10,0
1,The Green Monsters,CHUZZ HOME,18,4,15,3,0.172,0.59,2,3,25,1.23,0.99,3,8,3,1
1,CHUZZ HOME,The Green Monsters,14,3,12,2,0.232,0.632,2,0,39,4.96,1.5,1,3,8,1
2,Team Bruno,Elly De La Snooze,36,9,39,3,0.254,0.803,3,5,70,3.92,1.16,4,9,2,1
2,Woo Back Wednesday,I think Yammamoto likes you,26,3,17,6,0.243,0.645,4,1,49,3.35,0.94,2,6,6,0
2,South Side Samurai,Big Dumpers,38,11,45,4,0.278,0.896,4,4,59,2.82,1.22,4,8,4,0
2,Kyle Schwarbomb,The Green Monsters,30,9,24,3,0.212,0.67,3,0,34,3.24,1.23,2,1,10,1
2,Big Dumpers,South Side Samurai,14,3,17,5,0.186,0.555,3,6,42,1.51,0.73,2,4,8,0
2,I think Yammamoto likes you,Woo Back Wednesday,31,10,36,2,0.24,0.712,0,2,33,4.75,1.34,3,6,6,0
2,Pete Malonso - White Iverson,CHUZZ HOME,35,9,30,2,0.261,0.778,3,0,53,1.82,1.06,3,7,5,0
2,Elly De La Snooze,Team Bruno,31,6,28,5,0.206,0.688,3,2,60,3.95,1.14,3,2,9,1
2,The Green Monsters,Kyle Schwarbomb,41,9,27,5,0.25,0.798,4,3,63,4.27,1.17,3,10,1,1
2,CHUZZ HOME,Pete Malonso - White Iverson,25,5,25,6,0.206,0.606,4,1,38,2.27,0.94,5,5,7,0
3,Team Bruno,CHUZZ HOME,41,12,37,7,0.252,0.798,6,0,63,2.63,1.12,3,8,3,1
3,Woo Back Wednesday,Big Dumpers,35,8,28,9,0.289,0.824,6,1,77,1.66,0.91,7,10,2,0
3,South Side Samurai,The Green Monsters,31,7,28,6,0.239,0.753,3,3,57,4.55,1.52,4,1,9,2
3,Kyle Schwarbomb,Pete Malonso - White Iverson,27,7,32,5,0.265,0.798,2,4,46,3.63,1.25,3,5,6,1
3,Big Dumpers,Woo Back Wednesday,33,6,30,6,0.254,0.717,1,3,34,5.13,1.17,1,2,10,0
3,I think Yammamoto likes you,Elly De La Snooze,32,8,33,7,0.268,0.771,2,3,54,4.8,1.48,2,7,4,1
3,Pete Malonso - White Iverson,Kyle Schwarbomb,33,11,34,5,0.209,0.667,4,3,71,3.67,1.42,4,6,5,1
3,Elly De La Snooze,I think Yammamoto likes you,35,8,26,6,0.234,0.757,1,2,47,3.75,1.15,3,4,7,1
3,The Green Monsters,South Side Samurai,35,13,35,6,0.275,0.85,6,1,63,4.43,1.26,4,9,1,2
3,CHUZZ HOME,Team Bruno,22,3,20,15,0.247,0.679,5,5,63,4.67,1.21,5,3,8,1
4,Team Bruno,Kyle Schwarbomb,42,18,43,3,0.253,0.831,5,2,91,5.32,1.51,5,6,5,1
4,Woo Back Wednesday,South Side Samurai,28,2,25,2,0.249,0.603,5,2,85,3.77,1.18,7,4,8,0
4,South Side Samurai,Woo Back Wednesday,44,18,55,7,0.26,0.879,6,1,59,3.12,1.45,5,8,4,0
4,Kyle Schwarbomb,Team Bruno,40,5,23,4,0.256,0.734,2,5,45,1.65,0.85,5,5,6,1
4,Big Dumpers,Elly De La Snooze,38,13,36,10,0.269,0.811,6,6,60,2.64,0.93,6,11,0,1
4,I think Yammamoto likes you,CHUZZ HOME,45,11,29,2,0.246,0.78,1,5,46,2.74,1.08,2,6,5,1
4,Pete Malonso - White Iverson,The Green Monsters,38,8,24,3,0.27,0.811,2,0,45,7.54,1.65,3,5,7,0
4,Elly De La Snooze,Big Dumpers,29,10,36,0,0.229,0.686,4,3,59,3.86,1.2,2,0,11,1
4,The Green Monsters,Pete Malonso - White Iverson,37,10,39,4,0.244,0.804,5,2,44,4.17,1.28,2,7,5,0
4,CHUZZ HOME,I think Yammamoto likes you,35,8,36,8,0.277,0.803,1,1,45,5.51,1.42,5,5,6,1
5,Team Bruno,The Green Monsters,28,10,38,3,0.238,0.721,3,3,46,4.91,1.46,3,1,8,3
5,Woo Back Wednesday,Elly De La Snooze,36,7,25,7,0.235,0.712,8,2,60,5.25,1.29,5,2,9,1
5,South Side Samurai,Pete Malonso - White Iverson,36,15,32,6,0.285,0.884,3,2,57,5.53,1.56,5,7,5,0
5,Kyle Schwarbomb,I think Yammamoto likes you,34,6,35,6,0.275,0.761,2,2,40,3.92,1.1,4,1,8,3
5,Big Dumpers,CHUZZ HOME,35,10,30,9,0.262,0.782,1,3,61,4.8,1.53,2,6,6,0
5,I think Yammamoto likes you,Kyle Schwarbomb,44,14,36,6,0.298,0.904,2,2,55,3.61,1.12,6,8,1,3
5,Pete Malonso - White Iverson,South Side Samurai,37,7,25,5,0.29,0.868,1,3,33,3.32,1.38,3,5,7,0
5,Elly De La Snooze,Woo Back Wednesday,43,16,50,2,0.251,0.823,4,2,67,4,1.11,6,9,2,1
5,The Green Monsters,Team Bruno,49,13,34,7,0.247,0.814,3,3,54,3.19,1.33,3,8,1,3
5,CHUZZ HOME,Big Dumpers,33,9,34,7,0.256,0.709,6,2,63,2.75,1.15,4,6,6,0
6,Team Bruno,Pete Malonso - White Iverson,28,11,29,6,0.281,0.818,5,4,65,2.32,1.11,3,7,5,0
6,Woo Back Wednesday,CHUZZ HOME,32,4,18,3,0.281,0.759,5,1,67,3.6,1.19,8,5,6,1
6,South Side Samurai,Elly De La Snooze,47,13,32,4,0.275,0.876,2,3,50,2.6,1.27,6,8,1,3
6,Kyle Schwarbomb,Big Dumpers,31,7,25,3,0.255,0.765,2,1,48,2.13,1.05,3,5,5,2
6,Big Dumpers,Kyle Schwarbomb,28,7,35,5,0.245,0.694,2,3,57,4.09,1.32,5,5,5,2
6,I think Yammamoto likes you,The Green Monsters,40,9,28,3,0.338,0.94,4,2,67,3.15,1.15,5,10,2,0
6,Pete Malonso - White Iverson,Team Bruno,32,13,40,4,0.246,0.776,4,1,73,3.68,1.12,4,5,7,0
6,Elly De La Snooze,South Side Samurai,40,9,32,4,0.293,0.863,1,1,50,3.42,1.46,3,1,8,3
6,The Green Monsters,I think Yammamoto likes you,32,8,34,8,0.262,0.811,2,0,35,6.98,1.83,3,2,10,0
6,CHUZZ HOME,Woo Back Wednesday,42,14,48,2,0.247,0.781,5,5,81,3.84,1.37,6,6,5,1
7,Team Bruno,South Side Samurai,19,8,29,4,0.22,0.639,4,6,80,5.15,1.26,3,3,9,0
7,Woo Back Wednesday,Kyle Schwarbomb,23,5,26,4,0.211,0.601,6,1,83,3.15,1.02,7,3,8,1
7,South Side Samurai,Team Bruno,31,14,38,3,0.257,0.792,7,2,64,2.66,1.11,4,9,3,0
7,Kyle Schwarbomb,Woo Back Wednesday,33,12,28,8,0.249,0.784,2,1,53,1.97,0.77,4,8,3,1
7,Big Dumpers,The Green Monsters,35,7,20,9,0.236,0.717,1,3,34,6.75,1.66,2,4,7,1
7,I think Yammamoto likes you,Pete Malonso - White Iverson,38,11,36,7,0.238,0.754,4,3,72,2.81,1.06,4,10,1,1
7,Pete Malonso - White Iverson,I think Yammamoto likes you,30,7,27,4,0.191,0.653,5,1,56,3.34,1.34,4,1,10,1
7,Elly De La Snooze,CHUZZ HOME,37,10,35,5,0.271,0.758,4,3,61,2.76,1.11,4,5,6,1
7,The Green Monsters,Big Dumpers,29,3,33,8,0.241,0.713,3,3,64,4.62,1.27,6,7,4,1
7,CHUZZ HOME,Elly De La Snooze,32,12,27,9,0.285,0.855,5,2,73,3.29,1.19,4,6,5,1
8,Team Bruno,I think Yammamoto likes you,31,10,21,5,0.247,0.754,3,5,50,3.08,0.95,5,9,1,2
8,Woo Back Wednesday,The Green Monsters,44,12,31,5,0.228,0.723,7,1,75,3.16,1.03,7,7,4,1
8,South Side Samurai,CHUZZ HOME,32,10,30,2,0.214,0.751,5,3,72,3.68,1.21,4,4,7,1
8,Kyle Schwarbomb,Elly De La Snooze,28,7,27,9,0.227,0.688,5,0,52,3.51,1.01,4,4,8,0
8,Big Dumpers,Pete Malonso - White Iverson,33,2,18,13,0.265,0.679,2,4,40,4.15,1.38,3,4,7,1
8,I think Yammamoto likes you,Team Bruno,27,3,21,1,0.234,0.649,2,5,65,5.8,1.4,3,1,9,2
8,Pete Malonso - White Iverson,Big Dumpers,33,10,31,4,0.283,0.847,4,1,72,6.09,1.46,4,7,4,1
8,Elly De La Snooze,Kyle Schwarbomb,38,9,30,4,0.233,0.713,4,4,57,3.41,1.27,3,8,4,0
8,The Green Monsters,Woo Back Wednesday,40,11,36,3,0.269,0.85,6,0,74,2.99,1.05,7,4,7,1
8,CHUZZ HOME,South Side Samurai,35,8,31,10,0.269,0.775,4,3,76,4.33,1.29,8,7,4,1
9,Team Bruno,Big Dumpers,41,13,33,3,0.279,0.867,4,5,89,5.81,1.38,4,8,4,0
9,Woo Back Wednesday,Pete Malonso - White Iverson,31,7,21,8,0.198,0.634,4,1,72,4.3,1.27,5,5,7,0
9,South Side Samurai,I think Yammamoto likes you,37,12,42,2,0.256,0.838,5,3,72,2.75,1.12,6,8,3,1
9,Kyle Schwarbomb,CHUZZ HOME,29,8,28,4,0.256,0.774,1,2,35,3.38,1.34,2,6,5,1
9,Big Dumpers,Team Bruno,35,7,21,5,0.246,0.731,2,2,61,3.78,1.25,6,4,8,0
9,I think Yammamoto likes you,South Side Samurai,36,10,36,1,0.217,0.695,6,4,66,3.41,1.01,6,3,8,1
9,Pete Malonso - White Iverson,Woo Back Wednesday,28,9,35,6,0.282,0.846,7,0,71,3.04,1.17,4,7,5,0
9,Elly De La Snooze,The Green Monsters,28,7,32,4,0.233,0.659,3,2,59,3.13,1.17,5,5,4,3
9,The Green Monsters,Elly De La Snooze,32,6,41,4,0.276,0.765,3,2,50,4.72,1.2,4,4,5,3
9,CHUZZ HOME,Kyle Schwarbomb,29,7,20,8,0.233,0.679,4,1,62,3.74,1.13,4,5,6,1
10,Team Bruno,Woo Back Wednesday,43,10,52,1,0.299,0.874,6,3,90,3.66,1.35,6,4,7,1
10,Woo Back Wednesday,Team Bruno,44,15,40,9,0.298,0.912,6,0,66,3.53,1.07,7,7,4,1
10,South Side Samurai,Kyle Schwarbomb,37,8,29,7,0.236,0.707,6,4,56,1.82,1.01,6,9,2,1
10,Kyle Schwarbomb,South Side Samurai,34,8,24,6,0.261,0.78,3,0,53,6.64,1.55,2,2,9,1
10,Big Dumpers,I think Yammamoto likes you,30,3,25,7,0.253,0.656,4,2,67,3.62,1.23,3,1,10,1
10,I think Yammamoto likes you,Big Dumpers,35,9,25,4,0.312,0.941,6,6,78,1.73,0.8,5,10,1,1
10,Pete Malonso - White Iverson,Elly De La Snooze,41,19,43,3,0.293,0.934,4,2,65,3.31,1.01,5,9,1,2
10,Elly De La Snooze,Pete Malonso - White Iverson,29,9,34,5,0.261,0.745,4,2,47,4.09,1.26,3,1,9,2
10,The Green Monsters,CHUZZ HOME,41,19,42,3,0.304,1.003,3,1,59,5.65,1.41,3,5,7,0
10,CHUZZ HOME,The Green Monsters,30,14,40,10,0.254,0.799,6,3,62,3.23,1.19,4,7,5,0
11,Team Bruno,Elly De La Snooze,32,8,24,3,0.26,0.716,2,1,49,3.93,1.23,4,0,11,1
11,Woo Back Wednesday,I think Yammamoto likes you,45,5,27,6,0.252,0.729,3,0,55,4.36,1.16,3,5,7,0
11,South Side Samurai,Big Dumpers,22,8,20,3,0.198,0.609,4,4,61,4.39,1.27,5,3,9,0
11,Kyle Schwarbomb,The Green Monsters,34,10,28,9,0.288,0.86,3,0,38,2.32,1.01,3,5,7,0
11,Big Dumpers,South Side Samurai,43,9,34,7,0.297,0.877,1,6,65,5.09,1.26,2,9,3,0
11,I think Yammamoto likes you,Woo Back Wednesday,31,11,31,2,0.192,0.66,5,1,36,3,0.98,4,7,5,0
11,Pete Malonso - White Iverson,CHUZZ HOME,30,11,36,2,0.295,0.83,5,2,66,3.14,1.11,5,7,3,2
11,Elly De La Snooze,Team Bruno,32,12,26,4,0.268,0.773,5,4,64,3.89,1.15,5,11,0,1
11,The Green Monsters,Kyle Schwarbomb,37,12,33,7,0.232,0.832,6,3,66,5.07,1.4,6,7,5,0
11,CHUZZ HOME,Pete Malonso - White Iverson,40,8,31,18,0.262,0.773,5,1,69,4.73,1.26,5,3,7,2
12,Team Bruno,CHUZZ HOME,38,11,31,1,0.282,0.845,3,4,69,2.77,1.13,4,3,8,1
12,Woo Back Wednesday,Big Dumpers,40,9,22,6,0.209,0.678,3,1,69,4.76,1.27,5,4,7,1
12,South Side Samurai,The Green Monsters,33,11,34,6,0.229,0.713,5,4,83,3.18,1.07,8,6,5,1
12,Kyle Schwarbomb,Pete Malonso - White Iverson,34,12,32,5,0.252,0.791,2,0,52,2.51,1.12,5,5,7,0
12,Big Dumpers,Woo Back Wednesday,38,13,38,7,0.26,0.794,3,3,55,4.29,1.31,1,7,4,1
12,I think Yammamoto likes you,Elly De La Snooze,37,10,36,5,0.265,0.792,2,5,57,5.02,1.13,2,8,3,1
12,Pete Malonso - White Iverson,Kyle Schwarbomb,29,15,41,1,0.269,0.849,4,2,55,6.18,1.39,2,7,5,0
12,Elly De La Snooze,I think Yammamoto likes you,32,12,30,4,0.28,0.788,2,2,38,5.74,1.51,3,3,8,1
12,The Green Monsters,South Side Samurai,49,20,48,6,0.301,1.004,4,1,41,5.53,1.27,5,5,6,1
12,CHUZZ HOME,Team Bruno,41,13,41,10,0.29,0.852,6,2,75,3.89,1.33,4,8,3,1
13,Team Bruno,Kyle Schwarbomb,32,13,39,4,0.245,0.769,7,2,70,4.26,1.26,8,6,5,1
13,Woo Back Wednesday,South Side Samurai,36,11,28,2,0.268,0.797,4,3,70,4.06,1.23,4,5,7,0
13,South Side Samurai,Woo Back Wednesday,35,13,35,3,0.25,0.824,3,0,56,3.14,1.19,7,7,5,0
13,Kyle Schwarbomb,Team Bruno,36,12,32,4,0.263,0.836,4,0,46,3.38,1.02,3,5,6,1
13,Big Dumpers,Elly De La Snooze,17,4,24,3,0.2,0.589,5,6,51,2.38,1.15,4,4,5,3
13,I think Yammamoto likes you,CHUZZ HOME,37,14,40,2,0.306,0.937,1,5,43,4.5,1.15,3,4,7,1
13,Pete Malonso - White Iverson,The Green Monsters,35,7,27,1,0.237,0.696,2,1,59,4.53,1.19,2,3,9,0
13,Elly De La Snooze,Big Dumpers,43,12,37,3,0.303,0.908,5,1,48,6.06,1.57,4,5,4,3
13,The Green Monsters,Pete Malonso - White Iverson,34,14,39,2,0.262,0.85,4,3,87,5.38,1.43,5,9,3,0
13,CHUZZ HOME,I think Yammamoto likes you,37,13,41,8,0.223,0.734,5,1,55,2.56,0.89,6,7,4,1
14,Team Bruno,The Green Monsters,27,6,21,2,0.235,0.661,5,2,79,2.91,1.16,7,4,7,1
14,Woo Back Wednesday,Elly De La Snooze,31,8,32,5,0.25,0.681,5,2,82,4.5,1.25,6,4,8,0
14,South Side Samurai,Pete Malonso - White Iverson,24,2,15,2,0.239,0.644,4,5,66,2.1,0.95,6,7,4,1
14,Kyle Schwarbomb,I think Yammamoto likes you,29,5,34,7,0.252,0.707,1,1,49,1.58,1.08,3,5,7,0
14,Big Dumpers,CHUZZ HOME,29,8,30,7,0.27,0.813,5,7,78,3.93,1.27,5,5,6,1
14,I think Yammamoto likes you,Kyle Schwarbomb,25,11,40,6,0.226,0.712,5,4,48,3.86,0.99,5,7,5,0
14,Pete Malonso - White Iverson,South Side Samurai,27,1,22,8,0.204,0.589,2,5,91,4.44,1.29,3,4,7,1
14,Elly De La Snooze,Woo Back Wednesday,33,11,31,6,0.26,0.758,3,3,78,3.58,1.22,5,8,4,0
14,The Green Monsters,Team Bruno,39,14,35,0,0.238,0.784,5,1,66,2.65,1.08,6,7,4,1
14,CHUZZ HOME,Big Dumpers,35,13,40,7,0.255,0.764,3,0,81,3.18,1.21,4,6,5,1
15,Team Bruno,Pete Malonso - White Iverson,41,14,45,6,0.301,0.911,6,2,75,3.28,1.24,5,6,4,2
15,Woo Back Wednesday,CHUZZ HOME,30,12,35,3,0.232,0.795,5,1,74,3.88,1.08,5,5,6,1
15,South Side Samurai,Elly De La Snooze,41,7,34,0,0.273,0.801,4,1,52,2.93,1.23,4,7,4,1
15,Kyle Schwarbomb,Big Dumpers,31,10,43,10,0.288,0.873,2,0,44,6.14,1.25,3,3,9,0
15,Big Dumpers,Kyle Schwarbomb,46,13,54,12,0.279,0.795,6,4,65,3.94,1.28,5,9,3,0
15,I think Yammamoto likes you,The Green Monsters,44,14,37,5,0.285,0.856,4,7,70,3.3,1.06,3,8,2,2
15,Pete Malonso - White Iverson,Team Bruno,31,14,41,4,0.258,0.822,7,3,78,4.61,1.19,5,4,6,2
15,Elly De La Snooze,South Side Samurai,24,9,19,4,0.211,0.615,5,3,39,4.91,1.33,4,4,7,1
15,The Green Monsters,I think Yammamoto likes you,37,16,42,2,0.25,0.836,4,3,70,5.22,1.52,2,2,8,2
15,CHUZZ HOME,Woo Back Wednesday,46,8,28,6,0.278,0.757,7,1,82,4.21,1.24,7,6,5,1
16,Team Bruno,South Side Samurai,43,13,35,7,0.272,0.811,4,4,94,3.3,1.15,6,10,1,1
16,Woo Back Wednesday,Kyle Schwarbomb,42,7,33,1,0.253,0.713,0,0,58,6.75,1.59,1,3,9,0
16,South Side Samurai,Team Bruno,29,4,13,3,0.185,0.552,8,4,70,3.68,1.21,5,1,10,1
16,Kyle Schwarbomb,Woo Back Wednesday,32,9,35,7,0.238,0.75,4,2,32,2.41,1.07,5,9,3,0
16,Big Dumpers,The Green Monsters,27,4,28,3,0.231,0.679,5,4,65,2.63,0.97,4,6,6,0
16,I think Yammamoto likes you,Pete Malonso - White Iverson,33,11,38,3,0.257,0.77,7,5,87,2.63,0.91,6,8,4,0
16,Pete Malonso - White Iverson,I think Yammamoto likes you,32,13,35,2,0.279,0.859,5,1,74,3.61,1.24,8,4,8,0
16,Elly De La Snooze,CHUZZ HOME,28,11,31,3,0.223,0.726,6,3,68,4.68,1.25,5,5,6,1
16,The Green Monsters,Big Dumpers,39,12,27,6,0.261,0.806,3,1,64,3.88,1.1,6,6,6,0
16,CHUZZ HOME,Elly De La Snooze,42,11,42,7,0.254,0.747,2,0,53,2.39,1.27,2,6,5,1
17,Team Bruno,I think Yammamoto likes you,45,15,55,5,0.243,0.727,4,4,107,2.79,1.2,9,4,8,0
17,Woo Back Wednesday,The Green Monsters,49,13,45,4,0.236,0.722,7,2,120,4.44,1.32,9,4,5,3
17,South Side Samurai,CHUZZ HOME,51,9,32,9,0.209,0.638,10,2,107,4.17,1.25,9,4,8,0
17,Kyle Schwarbomb,Elly De La Snooze,47,12,47,10,0.235,0.752,3,0,62,2.73,1.07,5,8,4,0
17,Big Dumpers,Pete Malonso - White Iverson,44,8,44,9,0.284,0.746,5,4,106,3.16,1.01,8,3,8,1
17,I think Yammamoto likes you,Team Bruno,58,26,63,4,0.291,0.894,7,8,85,2.87,1.02,7,8,4,0
17,Pete Malonso - White Iverson,Big Dumpers,58,19,54,9,0.29,0.891,6,5,114,3.75,1.02,7,8,3,1
17,Elly De La Snooze,Kyle Schwarbomb,41,11,32,9,0.225,0.664,6,7,93,3.67,1.37,8,4,8,0
17,The Green Monsters,Woo Back Wednesday,48,14,45,4,0.246,0.735,6,2,97,3.13,1.02,7,5,4,3
17,CHUZZ HOME,South Side Samurai,48,15,49,6,0.207,0.64,8,3,134,3.09,1.07,12,8,4,0
18,Team Bruno,Big Dumpers,22,6,31,1,0.208,0.612,4,1,74,3.48,1.34,5,4,8,0
18,Woo Back Wednesday,Pete Malonso - White Iverson,36,10,19,3,0.231,0.697,7,1,70,3.56,1.21,4,1,8,3
18,South Side Samurai,I think Yammamoto likes you,31,8,28,9,0.23,0.674,3,4,60,5.29,1.47,3,3,8,1
18,Kyle Schwarbomb,CHUZZ HOME,35,13,41,4,0.278,0.851,1,4,44,3.07,0.9,3,7,5,0
18,Big Dumpers,Team Bruno,33,8,39,6,0.199,0.614,5,4,69,3.69,1.3,4,8,4,0
18,I think Yammamoto likes you,South Side Samurai,33,9,33,6,0.258,0.754,0,4,51,4.66,1.09,6,8,3,1
18,Pete Malonso - White Iverson,Woo Back Wednesday,36,10,38,4,0.283,0.831,3,1,96,3.35,1.12,5,8,1,3
18,Elly De La Snooze,The Green Monsters,36,6,31,5,0.243,0.703,3,5,62,4.26,1.23,3,8,3,1
18,The Green Monsters,Elly De La Snooze,24,7,30,4,0.212,0.675,4,5,46,4.35,1.42,5,3,8,1
18,CHUZZ HOME,Kyle Schwarbomb,30,6,26,10,0.273,0.75,6,1,53,1.89,0.93,8,5,7,0
19,Team Bruno,Woo Back Wednesday,26,6,22,2,0.212,0.681,7,3,82,1.91,0.9,10,7,5,0
19,Woo Back Wednesday,Team Bruno,32,12,34,1,0.248,0.717,5,1,65,4.56,1.34,5,5,7,0
19,South Side Samurai,Kyle Schwarbomb,30,9,25,5,0.243,0.726,7,3,64,1.45,1,7,6,6,0
19,Kyle Schwarbomb,South Side Samurai,50,11,46,10,0.282,0.853,1,0,54,3.18,1.03,3,6,6,0
19,Big Dumpers,I think Yammamoto likes you,39,11,33,8,0.281,0.827,3,2,70,2.97,1.06,6,9,2,1
19,I think Yammamoto likes you,Big Dumpers,36,10,40,6,0.242,0.73,3,6,52,4.92,1.34,3,2,9,1
19,Pete Malonso - White Iverson,Elly De La Snooze,23,5,25,2,0.209,0.597,4,1,60,4.3,1.19,2,2,10,0
19,Elly De La Snooze,Pete Malonso - White Iverson,31,10,33,3,0.224,0.729,6,0,75,3.9,1.28,4,10,2,0
19,The Green Monsters,CHUZZ HOME,30,6,35,5,0.279,0.786,6,0,62,5.76,1.55,2,6,6,0
19,CHUZZ HOME,The Green Monsters,34,12,32,2,0.244,0.765,1,2,59,4.23,1.49,5,6,6,0
20,Team Bruno,Elly De La Snooze,29,7,29,6,0.231,0.696,5,2,64,3.23,1.29,6,9,2,1
20,Woo Back Wednesday,I think Yammamoto likes you,27,9,27,2,0.251,0.743,6,2,74,3.25,1.03,8,7,5,0
20,South Side Samurai,Big Dumpers,34,10,24,7,0.235,0.776,6,2,74,2.21,1.01,7,4,7,1
20,Kyle Schwarbomb,The Green Monsters,30,8,28,1,0.213,0.664,1,1,41,3.53,1.29,1,4,7,1
20,Big Dumpers,South Side Samurai,41,11,36,5,0.277,0.862,4,2,69,2.17,1.02,8,7,4,1
20,I think Yammamoto likes you,Woo Back Wednesday,36,11,38,6,0.215,0.718,2,3,51,4.85,1.37,4,5,7,0
20,Pete Malonso - White Iverson,CHUZZ HOME,40,9,32,6,0.329,0.885,2,4,80,6.72,1.41,4,4,8,0
20,Elly De La Snooze,Team Bruno,32,9,23,3,0.215,0.669,4,2,59,4.79,1.49,3,2,9,1
20,The Green Monsters,Kyle Schwarbomb,30,5,23,4,0.221,0.629,2,4,26,2.11,0.96,6,7,4,1
20,CHUZZ HOME,Pete Malonso - White Iverson,44,10,24,8,0.27,0.844,4,2,84,3.83,1.25,8,8,4,0
21,Team Bruno,CHUZZ HOME,39,9,38,4,0.306,0.838,3,5,65,5.38,1.57,1,2,10,0
21,Woo Back Wednesday,Big Dumpers,31,6,21,2,0.202,0.627,5,1,60,4.04,1.16,4,5,7,0
21,South Side Samurai,The Green Monsters,42,7,29,7,0.292,0.809,4,5,74,5.87,1.59,3,10,2,0
21,Kyle Schwarbomb,Pete Malonso - White Iverson,34,11,35,4,0.319,0.939,4,1,40,3.22,1.13,4,6,6,0
21,Big Dumpers,Woo Back Wednesday,33,3,38,7,0.239,0.651,1,3,71,4.76,1.54,2,7,5,0
21,I think Yammamoto likes you,Elly De La Snooze,25,6,26,3,0.23,0.655,2,8,45,3.48,1.09,3,5,6,1
21,Pete Malonso - White Iverson,Kyle Schwarbomb,37,8,27,1,0.294,0.828,9,2,65,1.93,1.2,7,6,6,0
21,Elly De La Snooze,I think Yammamoto likes you,32,7,25,6,0.259,0.725,3,3,45,3.65,1.49,2,6,5,1
21,The Green Monsters,South Side Samurai,38,6,18,4,0.24,0.688,3,3,49,4.12,1.39,2,2,10,0
21,CHUZZ HOME,Team Bruno,43,15,40,10,0.269,0.858,6,1,76,3.7,1.22,5,10,2,0
22,Team Bruno,Kyle Schwarbomb,41,9,31,5,0.284,0.838,5,5,69,5.17,1.26,2,8,4,0
22,Woo Back Wednesday,South Side Samurai,25,6,26,5,0.258,0.732,5,1,88,4.38,1.18,7,6,4,2
22,South Side Samurai,Woo Back Wednesday,25,4,22,4,0.231,0.627,6,1,69,2.09,0.9,9,4,6,2
22,Kyle Schwarbomb,Team Bruno,17,10,32,3,0.252,0.716,4,1,34,3.38,1.5,3,4,8,0
22,Big Dumpers,Elly De La Snooze,35,9,28,9,0.246,0.724,3,3,81,5.68,1.58,4,6,6,0
22,I think Yammamoto likes you,CHUZZ HOME,34,11,27,4,0.251,0.803,1,4,45,2.54,0.92,4,7,5,0
22,Pete Malonso - White Iverson,The Green Monsters,35,10,33,4,0.288,0.827,3,1,62,4.37,1.24,4,8,2,2
22,Elly De La Snooze,Big Dumpers,34,6,36,4,0.276,0.755,1,2,63,2.25,1.07,5,6,6,0
22,The Green Monsters,Pete Malonso - White Iverson,27,7,32,4,0.249,0.729,3,3,55,4.66,1.39,5,2,8,2
22,CHUZZ HOME,I think Yammamoto likes you,36,7,23,14,0.229,0.682,6,3,76,2.95,1.09,5,5,7,0
